ethereum_address,impact_percentage,github_username
0xe9d8A89E78Bf2c93e18e05547a4637949712f900,67.69005847953217,nya-elimu
0x29C0B687EE69960966a4Ea733cF53CC6eC157ace,28.801169590643276,jo-elimu
0x0000000000000000000000000000000000000000,1.4619883040935673,ashishbagdaneofficial
0x0000000000000000000000000000000000000000,0.7309941520467836,SanjayRam07
0x38c19Bc91fC35f8bCAd07F177cC2F11098B1F3ff,0.43859649122807015,vuriaval
0xc73e819Cea330BC28d8FF190dC2eD676Ba36feA2,0.14619883040935672,AshishBagdane
0x0000000000000000000000000000000000000000,0.14619883040935672,waffle-iron
0x0000000000000000000000000000000000000000,0.14619883040935672,prasad7bhise
0x0000000000000000000000000000000000000000,0.14619883040935672,CoderRamya
0x0000000000000000000000000000000000000000,0.14619883040935672,gitter-badger
0x0000000000000000000000000000000000000000,0.14619883040935672,kmingwww
