ethereum_address,collected_sum
"0x0f84Fc6d1C7B1DF2487B54776491d27A7369c9AA",7809282.942360836
"0x1703ed1bFacC04b7eB654b297aA4E52EBC008722",4227399.508311032
"0xF72ff6980D2c62258b54Da10178e1DDd87409a33",4041174.6865704986
"0x9D8dC28E9d9C4C5a387A858182edF9ab8B90F565",3508195.100365417
"0x29C0B687EE69960966a4Ea733cF53CC6eC157ace",2570872.8524177494
"0xd46Cc93E3eE6a4fb532D9B48E95be7eD8f8f1DA0",1986454.4803661266
"0xA7D1CB88740642DC95774511Cc73f015396Be869",1979922.8880767664
"0x1D5878059679eFFA13ec0Dc2C894e008307050bc",1961658.198840365
"0x5D388Ec24Cc2C0C77458338696aa63AFB706A7b1",1306521.633349417
"0x8c14a3Dd850835A07fbA7620E2601b3E5A6d5ee5",1164187.270079733
"0xa65D0dA22b62Bf82E42E9008218D2f643cA8f3E9",998005.7953741602
"0xEF836b1b90E42c8c69F3cEf628eB10983C10E792",789278.0843735643
"0x051621F8Ed72c7136C65283df57B15052cB72799",738834.2517421206
"0x36A0880Ce5d9faa1dE64572E51b25e1954004380",730458.0073082162
"0x88AEf1CEbF7b6B2aBdB16F883F159EDfd11166B5",662058.0152789191
"0x34EA9Bdcd8A9Ca2078CB1876095Ccd95b1Ed79De",607609.0284974675
"0x83Ba4C10A64378A6F5ed4D3bbf0b746f4c569B91",486139.3749944352
"0xD231cBea9397bA77806176a6c85ACe73E45C91F2",461562.20553732844
"0xC083EDcF5E0De8c2815D31A4d4e1fbAb05673849",435568.79496606975
"0xcA5FD34F640866A30B98caba531aF11363B16d5C",434810.3405885518
"0x883753Beab357A2c29f3766C6ad158e72A78ce51",372380.11510145286
"0xc70dB91810080D9aC75e90A05aE532aaF32239b3",357279.39044595795
"0x342FaeB14127A79735144bbdC772AbB6b1bBe343",355581.4540432825
"0x78888390AA08D9A25f3BDB8A1B35351D7c7F8a12",299316.6433727036
"0xa0FFC564019EeBfC5c5393c255fBA847656b8434",267476.1591943339
"0x6BB79F2d6B4c379B1553f1d137fDf9e22454020C",267219.0118332172
"0xB1C409722B23Cba26dE8660b180d4B55Ed8CB4c0",265992.62156832824
"0xEEd7ee5D043FE130861cAceA6b5d6E5baFfbf308",262213.69589721865
"0x4e659D5DAF049E4b8F1Efec9a2B492704B7f5cBA",218909.85544612564
"0x9Cf7f02bB672D1dCAd140aabDcC3576F3C4a3AaE",214439.87590759064
"0x692f6D6c2D61757468656E7469636174696F6E00",171558.0464234744
"0x95bA792B6eeB140625625083fa045E766C78173b",148083.10294598227
"0x6951e11782fB77296D3666Ae5a6e1B240f7c0244",146090.56441545297
"0x692f686572756669000000000000000000000000",125113.24172039282
"0x692f77616C657a692d616e64726f696400000000",116638.93432448042
"0x692f636F6e74656e742d70726F76696465720000",109349.0009292004
"0x84436fedacC16BcD6580d7a13741eCB6770b64B3",87479.20074336031
"0x692F6b6579626F61726400000000000000000000",72899.33395280025
"0x692F776562332D73706F6E736F72730000000000",63225.178887720846
"0xef1e76Ea01Bf79c8F8e2D8bb70466Aa083dBBFEB",60214.465563252
"0x692F736F756e642D636172647300000000000000",58319.46716224021
"0x709dA47906fA615d39BC408035C314929832781F",58319.46716224021
"0xD7103e378492A43C9206F85413b24cd395D7492b",58319.46716224021
"0x692f6d697373696E672D6e756D62657200000000",58319.46716224021
"0xe7ebBD87C88D0f871aDf786e04F103C758500333",56846.29605267045
"0x692f6d6F64656C00000000000000000000000000",51029.53376696018
"0x692F6b756B617269726900000000000000000000",51029.53376696018
"0x692F696d6167652d7069636B6572000000000000",51029.53376696018
"0x692F74696c742D67616D65000000000000000000",51029.53376696018
"0x692f636861740000000000000000000000000000",43739.60037168016
"0x3731833B151069FD5d3aC045C2299b03295707f3",43739.60037168016
"0x692F6e616d626172690000000000000000000000",36449.66697640013
"0x692f736861706900000000000000000000000000",36449.66697640013
"0x692f73746F7279626F6F6B730000000000000000",36449.66697640013
"0x692F766973656D65730000000000000000000000",36449.66697640013
"0x9F954bcd8Bc1b114DFA0296a68A4744603C8e649",34968.971836160075
"0x32eb3fFF11d707fA377F6d02D28f599DfbfD0C5b",30752.31491104854
"0x692F43616d657261436F6C6f725069636B657200",29159.733581120105
"0x692F73696C616269000000000000000000000000",29159.733581120105
"0xfcf315D7CA229733acBCAFCad2b7c96cD5C51DA7",25700.579853710868
"0x06C55901B14Bc42EbFd8022CE34f6EF7e41b0086",24261.684752459172
"0x81599D54147f66C952C2cdF479B5C5Fe50B13EFE",22986.18798735313
"0xfE86057e60A76E27a713B16FBbe3A77dd3353c17",22771.332823138073
"0x3250c2CEE20FA34D1c4F68eAA87E53512e95A62a",22678.20703414352
"0x732f6B6974000000000000000000000000000000",18866.25
"0x6F82fEC0eb583aC26dB8b0d23017d29a80a8a3aC",18777.235981712
"0x770169a2461ED9eaB84f9cC87aD00bDD8894F158",17738.69585300641
"0x92Ad2bF2C30b0250188d4156Da5628C0d524aE9B",15739.554203259762
"0x7a73B001d276906964F8ff3580996838a93abCFb",9688.878746217591
"0x736c697468657200000000000000000000000000",9327.062813657407
"0x445717316388f1d1fb1730D3f6f9Bf59e0b03f4f",8062.5
"0xd2135CfB216b74109775236E36d4b433F1DF507B",8020.104427735109
"0x70746F2f73736800000000000000000000000000",7772.5377775848765
"0xa6d4fEf3c1337CAe47469B1B1A7068EC8688e819",6242.461735918667
"0x20D5307AF7eeFD5398e798c71E3Da6e442136BE9",6168.595102037288
"0xf51C53b2C184Aa43A7d24aA4f0Cf13D0e8b56c51",5217.721406828704
"0x636B732f7A6f6400000000000000000000000000",3109.0209378858026
"0x918d3E11180603978edbcB7d521027C5134c7e30",2992.9493891719685
"0x3D4f997A071d2BA735AC767E68052679423c3dBe",887.7991424461111
"0xD5371B61b35E13F2ae354BE95081aD63FB383452",487.7534067351598
"0xBA918e34bed77Ba7a9fCF53be0A81FA538d56FA7",304.1744217560883
"0x0360D2E7A038388D6DAdcaD933Ef0881550FcD75",290.25
"0xbd9F5F12BEcdFDCD13917C7573704D10037aFE8d",185.76
"0x0d32c347706271DFd140f82Ba41fE4307b2AB6a3",174.15
"0x3F2a67a476F5D9C5aB2d27ACF123C63f2eE3CDFB",145.125
"0xcF6E68b4DDF458174Dbc6e83EE6cD0c159eC951C",112.15522127092846
"0x6E756d6265722F74737800000000000000000000",87.075